/* Añade cursos*/

INSERT INTO CURSO (ID, NOMBRE_CURSO) VALUES (1, 'Curso tarde JAVA');
INSERT INTO CURSO (ID, NOMBRE_CURSO) VALUES (2, 'Curso noche Android');

/* Añade integrantes a cursos*/
INSERT INTO ESTUDIANTE (ID, NOMBRE, CURSO_ID) VALUES (1, 'Pupi Quiltra',1);
INSERT INTO ESTUDIANTE (ID, NOMBRE, CURSO_ID) VALUES (2, 'Obito Beagle',1);
INSERT INTO ESTUDIANTE (ID, NOMBRE, CURSO_ID) VALUES (3, 'Patricio Tortuga',1);
INSERT INTO ESTUDIANTE (ID, NOMBRE, CURSO_ID) VALUES (4, 'Dalí Perrillo',1);
INSERT INTO ESTUDIANTE (ID, NOMBRE, CURSO_ID) VALUES (5, 'Chelo Collie',1);
INSERT INTO ESTUDIANTE (ID, NOMBRE, CURSO_ID) VALUES (6, 'Coka Cocker',1);
INSERT INTO ESTUDIANTE (ID, NOMBRE, CURSO_ID) VALUES (7, 'Blanca Vaca',1);
INSERT INTO ESTUDIANTE (ID, NOMBRE, CURSO_ID) VALUES (8, 'Floricta Pollo',1);
INSERT INTO ESTUDIANTE (ID, NOMBRE, CURSO_ID) VALUES (9, 'Estrellita Gallo',1);
INSERT INTO ESTUDIANTE (ID, NOMBRE, CURSO_ID) VALUES (10, 'Rufo Labrador',1);
INSERT INTO ESTUDIANTE (ID, NOMBRE, CURSO_ID) VALUES (11, 'Renato Conejo',2);
INSERT INTO ESTUDIANTE (ID, NOMBRE, CURSO_ID) VALUES (12, 'Lulu Hound',2);
INSERT INTO ESTUDIANTE (ID, NOMBRE, CURSO_ID) VALUES (13, 'Dogge Shiba',2);
INSERT INTO ESTUDIANTE (ID, NOMBRE, CURSO_ID) VALUES (14, 'Eva Pastora',2);
INSERT INTO ESTUDIANTE (ID, NOMBRE, CURSO_ID) VALUES (15, 'Misifú Gatita',2);
INSERT INTO ESTUDIANTE (ID, NOMBRE, CURSO_ID) VALUES (16, 'Loba Husky',2);
INSERT INTO ESTUDIANTE (ID, NOMBRE, CURSO_ID) VALUES (17, 'Sol Mestiza',2);
INSERT INTO ESTUDIANTE (ID, NOMBRE, CURSO_ID) VALUES (18, 'Burro Pastor',2);
INSERT INTO ESTUDIANTE (ID, NOMBRE, CURSO_ID) VALUES (19, 'Pelusa Terrier',2);
INSERT INTO ESTUDIANTE (ID, NOMBRE, CURSO_ID) VALUES (20, 'Thrasher Enano',2);

-- inserta respuestas
INSERT INTO alternativas_estudiantes (alternativas_ID, estudiante_ID) VALUES (1,1);
INSERT INTO alternativas_estudiantes (alternativas_ID, estudiante_ID) VALUES (4,1);
INSERT INTO alternativas_estudiantes (alternativas_ID, estudiante_ID) VALUES (6,1);
INSERT INTO alternativas_estudiantes (alternativas_ID, estudiante_ID) VALUES (8,1);
INSERT INTO alternativas_estudiantes (alternativas_ID, estudiante_ID) VALUES (10,1);
INSERT INTO alternativas_estudiantes (alternativas_ID, estudiante_ID) VALUES (12,1);
INSERT INTO alternativas_estudiantes (alternativas_ID, estudiante_ID) VALUES (14,1);
INSERT INTO alternativas_estudiantes (alternativas_ID, estudiante_ID) VALUES (16,1);
INSERT INTO alternativas_estudiantes (alternativas_ID, estudiante_ID) VALUES (18,1);
INSERT INTO alternativas_estudiantes (alternativas_ID, estudiante_ID) VALUES (20,1);
INSERT INTO alternativas_estudiantes (alternativas_ID, estudiante_ID) VALUES (22,1);
INSERT INTO alternativas_estudiantes (alternativas_ID, estudiante_ID) VALUES (24,1);
INSERT INTO alternativas_estudiantes (alternativas_ID, estudiante_ID) VALUES (26,1);
INSERT INTO alternativas_estudiantes (alternativas_ID, estudiante_ID) VALUES (28,1);
INSERT INTO alternativas_estudiantes (alternativas_ID, estudiante_ID) VALUES (30,1);
INSERT INTO alternativas_estudiantes (alternativas_ID, estudiante_ID) VALUES (32,1);
INSERT INTO alternativas_estudiantes (alternativas_ID, estudiante_ID) VALUES (34,1);
INSERT INTO alternativas_estudiantes (alternativas_ID, estudiante_ID) VALUES (36,1);
INSERT INTO alternativas_estudiantes (alternativas_ID, estudiante_ID) VALUES (38,1);
INSERT INTO alternativas_estudiantes (alternativas_ID, estudiante_ID) VALUES (39,1);
INSERT INTO alternativas_estudiantes (alternativas_ID, estudiante_ID) VALUES (37,1);
INSERT INTO alternativas_estudiantes (alternativas_ID, estudiante_ID) VALUES (27,1);
INSERT INTO alternativas_estudiantes (alternativas_ID, estudiante_ID) VALUES (1,13);
INSERT INTO alternativas_estudiantes (alternativas_ID, estudiante_ID) VALUES (3,13);
INSERT INTO alternativas_estudiantes (alternativas_ID, estudiante_ID) VALUES (5,13);
INSERT INTO alternativas_estudiantes (alternativas_ID, estudiante_ID) VALUES (7,13);
INSERT INTO alternativas_estudiantes (alternativas_ID, estudiante_ID) VALUES (9,13);
INSERT INTO alternativas_estudiantes (alternativas_ID, estudiante_ID) VALUES (11,13);
INSERT INTO alternativas_estudiantes (alternativas_ID, estudiante_ID) VALUES (13,13);
INSERT INTO alternativas_estudiantes (alternativas_ID, estudiante_ID) VALUES (15,13);
INSERT INTO alternativas_estudiantes (alternativas_ID, estudiante_ID) VALUES (17,13);
INSERT INTO alternativas_estudiantes (alternativas_ID, estudiante_ID) VALUES (19,13);
INSERT INTO alternativas_estudiantes (alternativas_ID, estudiante_ID) VALUES (21,13);
INSERT INTO alternativas_estudiantes (alternativas_ID, estudiante_ID) VALUES (23,13);
INSERT INTO alternativas_estudiantes (alternativas_ID, estudiante_ID) VALUES (25,13);
INSERT INTO alternativas_estudiantes (alternativas_ID, estudiante_ID) VALUES (27,13);
INSERT INTO alternativas_estudiantes (alternativas_ID, estudiante_ID) VALUES (29,13);
INSERT INTO alternativas_estudiantes (alternativas_ID, estudiante_ID) VALUES (31,13);
INSERT INTO alternativas_estudiantes (alternativas_ID, estudiante_ID) VALUES (33,13);
INSERT INTO alternativas_estudiantes (alternativas_ID, estudiante_ID) VALUES (35,13);
INSERT INTO alternativas_estudiantes (alternativas_ID, estudiante_ID) VALUES (37,13);
INSERT INTO alternativas_estudiantes (alternativas_ID, estudiante_ID) VALUES (39,13);
INSERT INTO alternativas_estudiantes (alternativas_ID, estudiante_ID) VALUES (2,13);
INSERT INTO alternativas_estudiantes (alternativas_ID, estudiante_ID) VALUES (4,13);
INSERT INTO alternativas_estudiantes (alternativas_ID, estudiante_ID) VALUES (8,13);
INSERT INTO alternativas_estudiantes (alternativas_ID, estudiante_ID) VALUES (10,13);